"Nom","Action","ModifieLe","Chemin"
"index.html","GARDER_PLUS_RECENT","03/07/2026 16:34:33","D:\TFE Nathan (D)\MAGO\MAGO_Viewer\MAGO_Viewer_CLIENT_BDD_ACCES\api\mago-enrichment-api\public\index.html"
"index.html","ANCIEN_DOUBLON","03/07/2026 16:30:28","D:\TFE Nathan (D)\MAGO\MAGO_Viewer\MAGO_Viewer_CLIENT_BDD_ACCES\index.html"
"scene.json","GARDER_PLUS_RECENT","03/07/2026 14:48:24","D:\TFE Nathan (D)\MAGO\MAGO_Viewer\MAGO_Viewer_CLIENT_BDD_ACCES\api\mago-enrichment-api\storage\models\106\scene.json"
"scene.json","ANCIEN_DOUBLON","03/07/2026 14:05:07","D:\TFE Nathan (D)\MAGO\MAGO_Viewer\MAGO_Viewer_CLIENT_BDD_ACCES\api\mago-enrichment-api\storage\models\63\scene.json"
"scene.json","ANCIEN_DOUBLON","02/07/2026 07:23:48","D:\TFE Nathan (D)\MAGO\MAGO_Viewer\MAGO_Viewer_CLIENT_BDD_ACCES\api\mago-enrichment-api\storage\models\110\scene.json"
"package-lock.json","GARDER_PLUS_RECENT","02/07/2026 07:24:20","D:\TFE Nathan (D)\MAGO\MAGO_Viewer\MAGO_Viewer_CLIENT_BDD_ACCES\package-lock.json"
"package-lock.json","ANCIEN_DOUBLON","02/07/2026 07:23:48","D:\TFE Nathan (D)\MAGO\MAGO_Viewer\MAGO_Viewer_CLIENT_BDD_ACCES\api\mago-enrichment-api\package-lock.json"
"package.json","GARDER_PLUS_RECENT","02/07/2026 07:24:20","D:\TFE Nathan (D)\MAGO\MAGO_Viewer\MAGO_Viewer_CLIENT_BDD_ACCES\package.json"
"package.json","ANCIEN_DOUBLON","02/07/2026 07:23:48","D:\TFE Nathan (D)\MAGO\MAGO_Viewer\MAGO_Viewer_CLIENT_BDD_ACCES\api\mago-enrichment-api\package.json"
"tsconfig.json","GARDER_PLUS_RECENT","02/07/2026 07:24:20","D:\TFE Nathan (D)\MAGO\MAGO_Viewer\MAGO_Viewer_CLIENT_BDD_ACCES\tsconfig.json"
"tsconfig.json","ANCIEN_DOUBLON","02/07/2026 07:23:48","D:\TFE Nathan (D)\MAGO\MAGO_Viewer\MAGO_Viewer_CLIENT_BDD_ACCES\api\mago-enrichment-api\tsconfig.json"
"main.ts","GARDER_PLUS_RECENT","03/07/2026 16:34:26","D:\TFE Nathan (D)\MAGO\MAGO_Viewer\MAGO_Viewer_CLIENT_BDD_ACCES\src\main.ts"
"main.ts","ANCIEN_DOUBLON","03/07/2026 14:04:08","D:\TFE Nathan (D)\MAGO\MAGO_Viewer\MAGO_Viewer_CLIENT_BDD_ACCES\PATCH_PIVOT_CENTRE_OBJET_SPLATS\src\main.ts"
"main.ts","ANCIEN_DOUBLON","03/07/2026 13:40:36","D:\TFE Nathan (D)\MAGO\MAGO_Viewer\MAGO_Viewer_CLIENT_BDD_ACCES\BACKUP_PATCH_PIVOT_OBJET_20260703_160847\src\main.ts"
